Threads,Time,Primes
1,309.2263448238373,21336326
2,161.45121359825134,21336326
4,109.32419729232788,21336326
6,101.99264025688171,21336326
8,106.62390756607056,21336326
